ID,Name,Alternate Form Name,Full Name,Original Pokemon,Primary Type,Secondary Type,Ability,Evolves From,Evolution Details,Transform Group,Transform Details,Image Gen,Image ID
1,Bulbasaur,,,,Grass,Poison,,,,,,,
2,Ivysaur,,,,Grass,Poison,,1,Level 16,,,,
3,Venusaur,,,,Grass,Poison,,2,Level 32,,,,
4,Venusaur,Mega,,,Grass,Poison,Thick Fat,3,Holding Venusaurite,,,,
5,Charmander,,,,Fire,,,,,,,,
6,Charmeleon,,,,Fire,,,5,Level 16,,,,
7,Charizard,,,,Fire,Flying,,6,Level 32,,,,
8,Charizard,Mega X,Mega Charizard X,,Fire,Dragon,,7,Holding Charizardite X,,,,
9,Charizard,Mega Y,Mega Charizard Y,,Fire,Flying,,7,Holding Charizardite Y,,,,
10,Squirtle,,,,Water,,,,,,,,
11,Wartortle,,,,Water,,,10,Level 16,,,,
12,Blastoise,,,,Water,,,11,Level 32,,,,
13,Blastoise,Mega,,,Water,,,12,Holding Blastoisinite,,,,
32,Caterpie,,,,Bug,,,,,,,,
23,Metapod,,,,Bug,,,32,Level 7,,,,
24,Butterfree,,,,Bug,Flying,,23,Level 10,,,,
31,Weedle,,,,Bug,Poison,,,,,,,
30,Kakuna,,,,Bug,Poison,,31,Level 7,,,,
27,Beedrill,,,,Bug,Poison,,30,Level 10,,,,
28,Beedrill,Mega,,,Bug,Poison,,27,Holding Beedrillite,,,,
76,Pidgey,,,,Normal,Flying,,,,,,,
77,Pidgeotto,,,,Normal,Flying,,76,Level 18,,,,
78,Pidgeot,,,,Normal,Flying,,77,Level 36,,,,
79,Pidgeot,Mega,,,Normal,Flying,,78,Holding Pidgeotite,,,,
80,Rattata,,,,Normal,,,,,,,,
82,Raticate,,,,Normal,,,80,Level 20,,,,
81,Rattata,Alolan,,80,Dark,Normal,,,,,,,
83,Raticate,Alolan,,82,Dark,Normal,,81,Level 20,,,,
84,Spearow,,,,Normal,Flying,,,,,,,
85,Fearow,,,,Normal,Flying,,84,Level 20,,,,
86,Ekans,,,,Poison,,,,,,,,
87,Arbok,,,,Poison,,,86,Level 22,,,,
88,Pichu,,,,Electric,,,,,,,,
89,Pikachu,,,,Electric,,,88,Level with high friendship,,,,
90,Raichu,,,,Electric,,,89,Use Thunder Stone,,,,
91,Raichu,Alolan,,90,Electric,Psychic,,89,Use Thunder Stone in Alola,,,,
92,Sandshrew,,,,Ground,,,,,,,,
94,Sandslash,,,,Ground,,,92,Level 22,,,,
93,Sandshrew,Alolan,,92,Ice,Steel,,,,,,,
95,Sandslash,Alolan,,94,Ice,Steel,,93,Use Ice Stone,,,,
33,Nidoran ♀,,,,Poison,,,,,,,,
17,Nidorina,,,,Poison,,,33,Level 16,,,,
18,Nidoqueen,,,,Poison,Ground,,17,Use Moon Stone,,,,
48,Nidoran ♂,,,,Poison,,,,,,,,
49,Nidorino,,,,Poison,,,48,Level 16,,,,
50,Nidoking,,,,Poison,Ground,,49,Use Moon Stone,,,,
51,Cleffa,,,,Fairy,,,,,,,,
52,Clefairy,,,,Fairy,,,51,Level with high friendship,,,,
53,Clefable,,,,Fairy,,,52,Use Moon Stone,,,,
54,Vulpix,,,,Fire,,,,,,,,
56,Ninetales,,,,Fire,,,54,Use Fire Stone,,,,
55,Vulpix,Alolan,,54,Ice,,,,,,,,
57,Ninetales,Alolan,,56,Ice,Fairy,,55,Use Ice Stone,,,,
58,Igglybuff,,,,Normal,Fairy,,,,,,,
59,Jigglypuff,,,,Normal,Fairy,,58,Level with high friendship,,,,
60,Wigglytuff,,,,Normal,Fairy,,59,Use Moon Stone,,,,
61,Zubat,,,,Poison,Flying,,,,,,,
62,Golbat,,,,Poison,Flying,,61,Level 22,,,,
63,Crobat,,,,Poison,Flying,,62,Level with high friendship,,,,
64,Oddish,,,,Grass,Poison,,,,,,,
65,Gloom,,,,Grass,Poison,,64,Level 21,,,,
66,Vileplume,,,,Grass,Poison,,65,Use Leaf Stone,,,,
67,Bellossom,,,,Grass,,,65,Use Sun Stone,,,,
68,Paras,,,,Bug,Grass,Dry Skin,,,,,,
69,Parasect,,,,Bug,Grass,Dry Skin,68,Level 24,,,,
70,Venonat,,,,Bug,Poison,,,,,,,
71,Venomoth,,,,Bug,Poison,,70,Level 31,,,,
72,Diglett,,,,Ground,,,,,,,,
73,Dugtrio,,,,Ground,,,72,Level 26,,,,
74,Diglett,Alolan,,72,Ground,Steel,,,,,,,
75,Dugtrio,Alolan,,73,Ground,Steel,,74,Level 26 in Alola,,,,
96,Meowth,,,,Normal,,,,,,,,
100,Persian,,,,Normal,,,96,Level 28,,,,
97,Meowth,Alolan,,96,Dark,,,,,,,,
101,Persian,Alolan,,100,Dark,,,97,Level with high friendship,,,,
98,Meowth,Galarian,,96,Steel,,,,,,,,
99,Perrserker,,,,Steel,,,98,Level 28,,,,
102,Psyduck,,,,Water,,,,,,,,
884,Golduck,,,,Water,,,102,Level 33,,,,
895,Mankey,,,,Fighting,,,,,,,,
924,Primeape,,,,Fighting,,,895,Level 28,,,,
1664,Annihilape,,,,Fighting,Ghost,,924,After using Rage Fist 20 times,,,,
949,Growlithe,,,,Fire,,,,,,,,
960,Arcanine,,,,Fire,,,949,Use Fire Stone,,,,
1619,Growlithe,Hisuian,,949,Fire,Rock,,,,,,,
1620,Arcanine,Hisuian,,960,Fire,Rock,,1619,Use Fire Stone,,,,
971,Poliwag,,,,Water,,Water Absorb,,,,,,
982,Poliwhirl,,,,Water,,Water Absorb,971,Level 25,,,,
993,Poliwrath,,,,Water,Fighting,Water Absorb,982,Use Water Stone,,,,
286,Politoed,,,,Water,,Water Absorb,982,Trade holding King's Rock,,,,
1004,Abra,,,,Psychic,,,,,,,,
1015,Kadabra,,,,Psychic,,,1004,Level 16,,,,
1026,Alakazam,,,,Psychic,,,1015,Trade,,,,
1360,Alakazam,Mega,,,Psychic,,,1026,Holding Alakazite,,,,
1076,Machop,,,,Fighting,,,,,,,,
1087,Machoke,,,,Fighting,,,1076,Level 28,,,,
1097,Machamp,,,,Fighting,,,1087,Trade,,,,
1109,Bellsprout,,,,Grass,Poison,,,,,,,
1128,Weepinbell,,,,Grass,Poison,,1109,Level 21,,,,
1139,Victreebel,,,,Grass,Poison,,1128,Use Leaf Stone,,,,
1150,Tentacool,,,,Water,Poison,,,,,,,
1254,Tentacruel,,,,Water,Poison,,1150,Level 30,,,,
1265,Geodude,,,,Rock,Ground,,,,,,,
1276,Graveler,,,,Rock,Ground,,1265,Level 25,,,,
1287,Golem,,,,Rock,Ground,,1276,Trade,,,,
1361,Geodude,Alolan,,1265,Rock,Electric,,,,,,,
1362,Graveler,Alolan,,1276,Rock,Electric,,1361,Level 25,,,,
1363,Golem,Alolan,,1287,Rock,Electric,,1362,Trade,,,,
1297,Ponyta,,,,Fire,,,,,,,,
1308,Rapidash,,,,Fire,,,1297,Level 40,,,,
1364,Ponyta,Galarian,,1297,Psychic,,,,,,,,
1365,Rapidash,Galarian,,1308,Psychic,Fairy,,1364,Level 40,,,,
1319,Slowpoke,,,,Water,Psychic,,,,,,,
1330,Slowbro,,,,Water,Psychic,,1319,Level 37,,,,
1367,Slowbro,Mega,,,Water,Psychic,,1330,Holding Slowbronite,,,,
299,Slowking,,,,Water,Psychic,,1319,Trade holding King's Rock,,,,
1366,Slowpoke,Galarian,,1319,Psychic,,,,,,,,
1368,Slowbro,Galarian,,1330,Poison,Psychic,,1366,Use Galarica Cuff,,,,
1388,Slowking,Galarian,,299,Poison,Psychic,,1366,Use Galarica Wreath,,,,
46,Magnemite,,,,Electric,Steel,,,,,,,
1341,Magneton,,,,Electric,Steel,,46,Level 30,,,,
684,Magnezone,,,,Electric,Steel,,1341,Use Thunder Stone,,,,
1342,Farfetch'd,,,,Normal,Flying,,,,,,,
1369,Farfetch'd,Galarian,,1342,Fighting,,,,,,,,
1398,Sirfetch'd,,,,Fighting,,,1369,Land three Critical Hits in one battle,,,,
1343,Doduo,,,,Normal,Flying,,,,,,,
1344,Dodrio,,,,Normal,Flying,,1343,Level 31,,,,
1345,Seel,,,,Water,,Thick Fat,,,,,,
1346,Dewgong,,,,Water,Ice,Thick Fat,1345,Level 34,,,,
1347,Grimer,,,,Poison,,,,,,,,
1348,Muk,,,,Poison,,,1347,Level 38,,,,
1372,Grimer,Alolan,,1347,Poison,Dark,,,,,,,
1373,Muk,Alolan,,1348,Poison,Dark,,1372,Level 38,,,,
1349,Shellder,,,,Water,,,,,,,,
1350,Cloyster,,,,Water,Ice,,1349,Use Water Stone,,,,
1351,Gastly,,,,Ghost,Poison,Levitate,,,,,,
1352,Haunter,,,,Ghost,Poison,Levitate,1351,Level 25,,,,
1353,Gengar,,,,Ghost,Poison,Levitate,1352,Trade,,,,
1371,Gengar,Mega,,,Ghost,Poison,Levitate,1353,Holding Gengarite,,,,
1354,Onix,,,,Rock,Ground,,,,,,,
332,Steelix,,,,Steel,Ground,,1354,Trade holding Metal Coat,,,,
1383,Steelix,Mega,,,Steel,Ground,,332,Holding Steelixite,,,,
1355,Drowzee,,,,Psychic,,,,,,,,
1356,Hypno,,,,Psychic,,,1355,Level 26,,,,
1357,Krabby,,,,Water,,,,,,,,
1358,Kingler,,,,Water,,,1357,Level 28,,,,
47,Voltorb,,,,Electric,,,,,,,,
105,Electrode,,,,Electric,,,47,Level 30,,,,
1621,Voltorb,Hisuian,,47,Electric,Grass,,,,,,,
1622,Electrode,Hisuian,,105,Electric,Grass,,1621,Use Leaf Stone,,,,
136,Exeggcute,,,,Grass,Psychic,,,,,,,
137,Exeggutor,,,,Grass,Psychic,,136,Use Leaf Stone,,,,
1359,Exeggutor,Alolan,,137,Grass,Dragon,,136,Use Leaf Stone in Alola,,,,
138,Cubone,,,,Ground,,,,,,,,
139,Marowak,,,,Ground,,,138,Level 28,,,,
1374,Marowak,Alolan,,139,Ghost,Fire,,138,Level 28 at night,,,,
360,Tyrogue,,,,Fighting,,,,,,,,
140,Hitmonlee,,,,Fighting,,,360,Level 20 With Attack > Defense,,,,
141,Hitmonchan,,,,Fighting,,,360,Level 20 With Attack < Defense,,,,
361,Hitmontop,,,,Fighting,,,360,Level 20 With Attack = Defense,,,,
142,Lickitung,,,,Normal,,,,,,,,
685,Lickilicky,,,,Normal,,,142,Level while knowing Rollout,,,,
143,Koffing,,,,Poison,,Levitate,,,,,,
144,Weezing,,,,Poison,,Levitate,143,Level 35,,,,
1375,Weezing,Galarian,,144,Poison,Fairy,Levitate,143,Level 35 In Galar,,,,
145,Rhyhorn,,,,Ground,Rock,,,,,,,
146,Rhydon,,,,Ground,Rock,,145,Level 42,,,,
686,Rhyperior,,,,Ground,Rock,,146,Trade holding Protector,,,,
638,Happiny,,,,Normal,,,,,,,,
147,Chansey,,,,Normal,,,638,Level while holding an Oval Stone during the day,,,,
366,Blissey,,,,Normal,,,147,Level with high friendship,,,,
148,Tangela,,,,Grass,,,,,,,,
687,Tangrowth,,,,Grass,,,148,Level while knowing Ancient Power,,,,
211,Kangaskhan,,,,Normal,,,,,,,,
1379,Kangaskhan,Mega,,,Normal,,,211,Holding Kangaskhanite,,,,
212,Horsea,,,,Water,,,,,,,,
213,Seadra,,,,Water,,,212,Level 32,,,,
354,Kingdra,,,,Water,Dragon,,213,Trade holding Dragon Scale,,,,
214,Goldeen,,,,Water,,,,,,,,
215,Seaking,,,,Water,,,214,Level 33,,,,
216,Staryu,,,,Water,,,,,,,,
217,Starmie,,,,Water,Psychic,,216,Use Water Stone,,,,
637,Mime Jr.,,,,Psychic,Fairy,,,,,,,
218,Mr. Mime,,,,Psychic,Fairy,,637,Level while knowing Mimic,,,,
1377,Mr. Mime,Galarian,,218,Ice,Psychic,,637,Level while knowing Mimic in Galar,,,,
1376,Mr. Rime,,,,Ice,Psychic,,1377,Level 42,,,,
219,Scyther,,,,Bug,Flying,,,,,,,
336,Scizor,,,,Bug,Steel,,219,Trade holding Metal Coat,,,,
1384,Scizor,Mega,,,Bug,Steel,,336,Holding Scizorite,,,,
1610,Kleavor,,,,Bug,Rock,,219,Use Black Augurite,,,legends-arceus,
362,Smoochum,,,,Ice,Psychic,,,,,,,
220,Jynx,,,,Ice,Psychic,,362,Level 30,,,,
363,Elekid,,,,Electric,,,,,,,,
221,Electabuzz,,,,Electric,,,363,Level 30,,,,
688,Electivire,,,,Electric,,Motor Drive,221,Trade holding Electirizer,,,,
364,Magby,,,,Fire,,,,,,,,
222,Magmar,,,,Fire,,,364,Level 30,,,,
699,Magmortar,,,,Fire,,,222,Trade holding Magmarizer,,,,
223,Pinsir,,,,Bug,,,,,,,,
1380,Pinsir,Mega,,,Bug,Flying,,223,Holding Pinsirite,,,,
224,Tauros,,,,Normal,,,,,,,,
225,Magikarp,,,,Water,,,,,,,,
226,Gyarados,,,,Water,Flying,,225,Level 20,,,,
1381,Gyarados,Mega,,,Water,Dark,,226,Holding Gyaradosite,,,,
227,Lapras,,,,Water,Ice,Water Absorb,,,,,,
29,Ditto,,,,Normal,,,,,,,,
228,Eevee,,,,Normal,,,,,,,,
229,Vaporeon,,,,Water,,Water Absorb,228,Use Water Stone,,,,
230,Jolteon,,,,Electric,,Volt Absorb,228,Use Thunder Stone,,,,
231,Flareon,,,,Fire,,Flash Fire,228,Use Fire Stone,,,,
296,Espeon,,,,Psychic,,,228,Level during the day with high friendship,,,,
297,Umbreon,,,,Dark,,,228,Level during the night with high friendship,,,,
715,Leafeon,,,,Grass,,,228,Use Leaf Stone,,,,
716,Glaceon,,,,Ice,,,228,Use Ice Stone,,,,
1129,Sylveon,,,,Fairy,,,228,Level while knowing a Fairy move with high friendship,,,,
232,Porygon,,,,Normal,,,,,,,,
357,Porygon2,,,,Normal,,,232,Trade holding Upgrade,,,,
719,Porygon-Z,,,,Normal,,,357,Trade holding Dubious Disc,,,,
233,Omanyte,,,,Rock,Water,,,,,,,
234,Omastar,,,,Rock,Water,,233,Level 40,,,,
235,Kabuto,,,,Rock,Water,,,,,,,
236,Kabutops,,,,Rock,Water,,235,Level 40,,,,
237,Aerodactyl,,,,Rock,Flying,,,,,,,
1382,Aerodactyl,Mega,,,Rock,Flying,,237,Holding Aerodactylite,,,,
644,Munchlax,,,,Normal,,,,,,,,
238,Snorlax,,,,Normal,,,644,Level with high friendship,,,,
239,Articuno,,,,Ice,Flying,,,,,,,
1385,Articuno,Galarian,,239,Psychic,Flying,,,,,,,
240,Zapdos,,,,Electric,Flying,,,,,,,
1386,Zapdos,Galarian,,240,Fighting,Flying,,,,,,,
241,Moltres,,,,Fire,Flying,,,,,,,
1387,Moltres,Galarian,,241,Dark,Flying,,,,,,,
242,Dratini,,,,Dragon,,,,,,,,
243,Dragonair,,,,Dragon,,,242,Level 30,,,,
244,Dragonite,,,,Dragon,Flying,,243,Level 55,,,,
43,Mewtwo,,,,Psychic,,,,,,,,
44,Mewtwo,Mega X,Mega Mewtwo X,,Psychic,Fighting,,43,Holding Mewtwonite X,,,,
45,Mewtwo,Mega Y,Mega Mewtwo Y,,Psychic,,,43,Holding Mewtwonite Y,,,,
42,Mew,,,,Psychic,,,,,,,,
245,Chikorita,,,,Grass,,,,,,,,
246,Bayleef,,,,Grass,,,245,Level 16,,,,
247,Meganium,,,,Grass,,,246,Level 32,,,,
248,Cyndaquil,,,,Fire,,,,,,,,
249,Quilava,,,,Fire,,,248,Level 14 (17 in Legends: Arceus),,,,
250,Typhlosion,,,,Fire,,,249,Level 36,,,,
1623,Typhlosion,Hisuian,,250,Fire,Ghost,,249,Level 36 in Legends: Arceus,,,,
251,Totodile,,,,Water,,,,,,,,
252,Croconaw,,,,Water,,,251,Level 18,,,,
253,Feraligatr,,,,Water,,,252,Level 30,,,,
254,Sentret,,,,Normal,,,,,,,,
255,Furret,,,,Normal,,,254,Level 15,,,,
256,Hoothoot,,,,Normal,Flying,,,,,,,
257,Noctowl,,,,Normal,Flying,,256,Level 20,,,,
258,Ledyba,,,,Bug,Flying,,,,,,,
259,Ledian,,,,Bug,Flying,,258,Level 18,,,,
260,Spinarak,,,,Bug,Poison,,,,,,,
261,Ariados,,,,Bug,Poison,,260,Level 22,,,,
262,Chinchou,,,,Water,Electric,Volt Absorb,,,,,,
263,Lanturn,,,,Water,Electric,Volt Absorb,262,Level 27,,,,
264,Togepi,,,,Fairy,,,,,,,,
265,Togetic,,,,Fairy,Flying,,264,Level with high friendship,,,,
713,Togekiss,,,,Fairy,Flying,,265,Use Shiny Stone,,,,
266,Natu,,,,Psychic,Flying,,,,,,,
267,Xatu,,,,Psychic,Flying,,266,Level 25,,,,
278,Mareep,,,,Electric,,,,,,,,
279,Flaaffy,,,,Electric,,,278,Level 15,,,,
280,Ampharos,,,,Electric,,,279,Level 30,,,,
1394,Ampharos,Mega,,,Electric,Dragon,,280,Holding Ampharosite,,,,
426,Azurill,,,,Normal,Fairy,,,,,,,
283,Marill,,,,Water,Fairy,Thick Fat,426,Level with high friendship,,,,
284,Azumarill,,,,Water,Fairy,Thick Fat,283,Level 18,,,,
636,Bonsly,,,,Rock,,,,,,,,
285,Sudowoodo,,,,Rock,,,636,Level while knowing Mimic,,,,
287,Hoppip,,,,Grass,Flying,,,,,,,
288,Skiploom,,,,Grass,Flying,,287,Level 18,,,,
289,Jumpluff,,,,Grass,Flying,,288,Level 27,,,,
290,Aipom,,,,Normal,,,,,,,,
622,Ambipom,,,,Normal,,,290,Level while knowing Double Hit,,,,
291,Sunkern,,,,Grass,,,,,,,,
292,Sunflora,,,,Grass,,,291,Use Sun Stone,,,,
293,Yanma,,,,Bug,Flying,,,,,,,
714,Yanmega,,,,Bug,Flying,,293,Level while knowing Ancient Power,,,,
294,Wooper,,,,Water,Ground,Water Absorb,,,,,,
295,Quagsire,,,,Water,Ground,Water Absorb,294,Level 20,,,,
1651,Wooper,Paldean,,294,Poison,Ground,Water Absorb,,,,,,
1652,Clodsire,,,,Poison,Ground,Water Absorb,1651,Level 28,,,,
298,Murkrow,,,,Dark,Flying,,,,,,,
628,Honchkrow,,,,Dark,Flying,,298,Use Dusk Stone,,,,
324,Misdreavus,,,,Ghost,,Levitate,,,,,,
627,Mismagius,,,,Ghost,,Levitate,324,Use Dusk Stone,,,,
325,Unown,,,,Psychic,,Levitate,,,,,,
488,Wynaut,,,,Psychic,,,,,,,,
326,Wobbuffet,,,,Psychic,,,488,Level 15,,,,
327,Girafarig,,,,Normal,Psychic,,,,,,,
1673,Farigiraf,,,,Normal,Psychic,,327,Level while knowing Twin Beam,,,,
328,Pineco,,,,Bug,,,,,,,,
329,Forretress,,,,Bug,Steel,,328,Level 31,,,,
330,Dunsparce,,,,Normal,,,,,,,,
1672,Dudunsparce,,,,Normal,,,330,Level while knowing Hyper Drill,,,,
331,Gligar,,,,Ground,Flying,,,,,,,
717,Gliscor,,,,Ground,Flying,,331,Level while holding Razor Fang at night,,,,
333,Snubbull,,,,Fairy,,,,,,,,
334,Granbull,,,,Fairy,,,333,Level 23,,,,
335,Qwilfish,,,,Water,Poison,,,,,,,
1615,Qwilfish,Hisuian,,335,Dark,Poison,,,,,,,
1616,Overqwil,,,,Dark,Poison,,1615,Use Barb Barrage in Strong Style 20 times,,,legends-arceus,
337,Shuckle,,,,Bug,Rock,,,,,,,
338,Heracross,,,,Bug,Fighting,,,,,,,
1395,Heracross,Mega,,,Bug,Fighting,,338,Holding Heracronite,,,,
339,Sneasel,,,,Dark,Ice,,,,,,,
683,Weavile,,,,Dark,Ice,,339,Level while holding Razor Claw at night,,,,
1613,Sneasel,Hisuian,,339,Fighting,Poison,,,,,,,
1614,Sneasler,,,,Fighting,Poison,,1613,Use Razor Claw during the day,,,legends-arceus,
340,Teddiursa,,,,Normal,,,,,,,,
341,Ursaring,,,,Normal,,,340,Level 30,,,,
1611,Ursaluna,,,,Normal,Ground,,341,Use Peat Block under a full moon,,,legends-arceus,
342,Slugma,,,,Fire,,,,,,,,
343,Magcargo,,,,Fire,Rock,,342,Level 38,,,,
344,Swinub,,,,Ice,Ground,,,,,,,
345,Piloswine,,,,Ice,Ground,,344,Level 33,,,,
718,Mamoswine,,,,Ice,Ground,,345,Level while knowing Ancient Power,,,,
346,Corsola,,,,Water,Rock,,,,,,,
1389,Corsola,Galarian,,346,Ghost,,,,,,,,
1390,Cursola,,,,Ghost,,,1389,Level 38,,,,
347,Remoraid,,,,Water,,,,,,,,
348,Octillery,,,,Water,,,347,Level 25,,,,
349,Delibird,,,,Ice,Flying,,,,,,,
656,Mantyke,,,,Water,Flying,,,,,,,
350,Mantine,,,,Water,Flying,,656,Level with Remoraid in party,,,,
351,Skarmory,,,,Steel,Flying,,,,,,,
352,Houndour,,,,Dark,Fire,Flash Fire,,,,,,
353,Houndoom,,,,Dark,Fire,Flash Fire,352,Level 24,,,,
1396,Houndoom,Mega,,,Dark,Fire,Flash Fire,353,Holding Houndoominite,,,,
355,Phanpy,,,,Ground,,,,,,,,
356,Donphan,,,,Ground,,,355,Level 25,,,,
358,Stantler,,,,Normal,,,,,,,,
1609,Wyrdeer,,,,Normal,Psychic,,358,Use Psyshield Bash 20 times in Agile Style,,,legends-arceus,
359,Smeargle,,,,Normal,,,,,,,,
365,Miltank,,,,Normal,,Thick Fat,,,,,,
367,Raikou,,,,Electric,,,,,,,,
368,Entei,,,,Fire,,,,,,,,
369,Suicune,,,,Water,,,,,,,,
370,Larvitar,,,,Rock,Ground,,,,,,,
371,Pupitar,,,,Rock,Ground,,370,Level 30,,,,
372,Tyranitar,,,,Rock,Dark,,371,Level 55,,,,
1397,Tyranitar,Mega,,,Rock,Dark,,372,Holding Tyranitarite,,,,
373,Lugia,,,,Psychic,Flying,,,,,,,
374,Ho-Oh,,,,Fire,Flying,,,,,,,
375,Celebi,,,,Psychic,Grass,,,,,,,
380,Treecko,,,,Grass,,,,,,,,
381,Grovyle,,,,Grass,,,380,Level 16,,,,
382,Sceptile,,,,Grass,,,381,Level 36,,,,
1428,Sceptile,Mega,,,Grass,Dragon,Lightning Rod,382,Holding Sceptilite,,,,
383,Torchic,,,,Fire,,,,,,,,
384,Combusken,,,,Fire,Fighting,,383,Level 16,,,,
385,Blaziken,,,,Fire,Fighting,,384,Level 36,,,,
1429,Blaziken,Mega,,,Fire,Fighting,,385,Holding Blazikenite,,,,
386,Mudkip,,,,Water,,,,,,,,
387,Marshtomp,,,,Water,Ground,,386,Level 16,,,,
388,Swampert,,,,Water,Ground,,387,Level 36,,,,
1430,Swampert,Mega,,,Water,Ground,,388,Holding Swampertite,,,,
389,Poochyena,,,,Dark,,,,,,,,
390,Mightyena,,,,Dark,,,389,Level 18,,,,
391,Zigzagoon,,,,Normal,,,,,,,,
392,Linoone,,,,Normal,,,391,Level 20,,,,
1466,Zigzagoon,Galarian,,391,Dark,Normal,,,,,,,
1467,Linoone,Galarian,,392,Dark,Normal,,1466,Level 20,,,,
1468,Obstagoon,,,,Dark,Normal,,1467,Level 35 at night,,,,
393,Wurmple,,,,Bug,,,,,,,,
394,Silcoon,,,,Bug,,,393,Level 7 (random),,,,
395,Beautifly,,,,Bug,Flying,,394,Level 10,,,,
396,Cascoon,,,,Bug,,,393,Level 7 (random),,,,
397,Dustox,,,,Bug,Poison,,396,Level 10,,,,
398,Lotad,,,,Water,Grass,,,,,,,
399,Lombre,,,,Water,Grass,,398,Level 14,,,,
400,Ludicolo,,,,Water,Grass,,399,Use Water Stone,,,,
401,Seedot,,,,Grass,,,,,,,,
402,Nuzleaf,,,,Grass,Dark,,401,Level 14,,,,
403,Shiftry,,,,Grass,Dark,,402,Use Leaf Stone,,,,
404,Taillow,,,,Normal,Flying,,,,,,,
405,Swellow,,,,Normal,Flying,,404,Level 22,,,,
406,Wingull,,,,Water,Flying,,,,,,,
407,Pelipper,,,,Water,Flying,,406,Level 25,,,,
408,Ralts,,,,Psychic,Fairy,,,,,,,
409,Kirlia,,,,Psychic,Fairy,,408,Level 20,,,,
410,Gardevoir,,,,Psychic,Fairy,,409,Level 30,,,,
1435,Gardevoir,Mega,,,Psychic,Fairy,,410,Holding Gardevoirite,,,,
720,Gallade,,,,Psychic,Fighting,,409,Use Dawn Stone when male,,,,
1436,Gallade,Mega,,,Psychic,Fighting,,720,Holding Galladite,,,,
411,Surskit,,,,Bug,Water,,,,,,,
412,Masquerain,,,,Bug,Flying,,411,Level 22,,,,
413,Shroomish,,,,Grass,,,,,,,,
414,Breloom,,,,Grass,Fighting,,413,Level 23,,,,
415,Slakoth,,,,Normal,,,,,,,,
416,Vigoroth,,,,Normal,,,415,Level 18,,,,
417,Slaking,,,,Normal,,,416,Level 36,,,,
418,Nincada,,,,Bug,Ground,,,,,,,
419,Ninjask,,,,Bug,Flying,,418,Level 20,,,,
420,Shedinja,,,,Bug,Ghost,Wonder Guard,418,Evolve while having a Pokeball and an empty space in party,,,,
421,Whismur,,,,Normal,,,,,,,,
422,Loudred,,,,Normal,,,421,Level 20,,,,
423,Exploud,,,,Normal,,,422,Level 40,,,,
424,Makuhita,,,,Fighting,,Thick Fat,,,,,,
425,Hariyama,,,,Fighting,,Thick Fat,424,Level 24,,,,
427,Nosepass,,,,Rock,,,,,,,,
726,Probopass,,,,Rock,Steel,,427,Level near a Special Magnetic Field,,,,
428,Skitty,,,,Normal,,,,,,,,
429,Delcatty,,,,Normal,,,428,Use Moon Stone,,,,
430,Sableye,,,,Dark,Ghost,,,,,,,
1558,Sableye,Mega,,,Dark,Ghost,,430,Holding Sablenite,,,,
431,Mawile,,,,Steel,Fairy,,,,,,,
1559,Mawile,Mega,,,Steel,Fairy,,431,Holding Mawilite,,,,
432,Aron,,,,Steel,Rock,,,,,,,
433,Lairon,,,,Steel,Rock,,432,Level 32,,,,
434,Aggron,,,,Steel,Rock,,433,Level 42,,,,
1434,Aggron,Mega,,,Steel,,,434,Holding Aggronite,,,,
435,Meditite,,,,Fighting,Psychic,,,,,,,
436,Medicham,,,,Fighting,Psychic,,435,Level 37,,,,
1590,Medicham,Mega,,,Fighting,Psychic,,436,Holding Medichamite,,,,
437,Electrike,,,,Electric,,,,,,,,
438,Manectric,,,,Electric,,Lightning Rod,437,Level 26,,,,
1437,Manectric,Mega,,,Electric,,Lightning Rod,438,Holding Manectite,,,,
439,Plusle,,,,Electric,,,,,,,,
440,Minun,,,,Electric,,,,,,,,
441,Volbeat,,,,Bug,,,,,,,,
442,Illumise,,,,Bug,,,,,,,,
604,Budew,,,,Grass,Poison,,,,,,,
443,Roselia,,,,Grass,Poison,,604,Level during the day with high friendship,,,,
605,Roserade,,,,Grass,Poison,,443,Use Shiny Stone,,,,
444,Gulpin,,,,Poison,,,,,,,,
445,Swalot,,,,Poison,,,444,Level 26,,,,
446,Carvanha,,,,Water,Dark,,,,,,,
447,Sharpedo,,,,Water,Dark,,446,Level 30,,,,
1587,Sharpedo,Mega,,,Water,Dark,,447,Holding Sharpedonite,,,,
448,Wailmer,,,,Water,,,,,,,,
449,Wailord,,,,Water,,,448,Level 40,,,,
450,Numel,,,,Fire,Ground,,,,,,,
451,Camerupt,,,,Fire,Ground,,450,Level 33,,,,
1588,Camerupt,Mega,,,Fire,Ground,,451,Holding Cameruptite,,,,
452,Torkoal,,,,Fire,,,,,,,,
453,Spoink,,,,Psychic,,Thick Fat,,,,,,
454,Grumpig,,,,Psychic,,Thick Fat,453,Level 32,,,,
455,Spinda,,,,Normal,,,,,,,,
456,Trapinch,,,,Ground,,,,,,,,
457,Vibrava,,,,Ground,Dragon,Levitate,456,Level 35,,,,
458,Flygon,,,,Ground,Dragon,Levitate,457,Level 45,,,,
459,Cacnea,,,,Grass,,,,,,,,
460,Cacturne,,,,Grass,Dark,,459,Level 32,,,,
461,Swablu,,,,Normal,Flying,,,,,,,
462,Altaria,,,,Dragon,Flying,,461,Level 35,,,,
1589,Altaria,Mega,,,Dragon,Fairy,,462,Holding Altarianite,,,,
463,Zangoose,,,,Normal,,,,,,,,
464,Seviper,,,,Poison,,,,,,,,
465,Lunatone,,,,Rock,Psychic,Levitate,,,,,,
466,Solrock,,,,Rock,Psychic,Levitate,,,,,,
467,Barboach,,,,Water,Ground,,,,,,,
468,Whiscash,,,,Water,Ground,,467,Level 30,,,,
469,Corphish,,,,Water,,,,,,,,
470,Crawdaunt,,,,Water,Dark,,469,Level 30,,,,
471,Baltoy,,,,Ground,Psychic,Levitate,,,,,,
472,Claydol,,,,Ground,Psychic,Levitate,471,Level 36,,,,
473,Lileep,,,,Rock,Grass,,,,,,,
474,Cradily,,,,Rock,Grass,,473,Level 40,,,,
475,Anorith,,,,Rock,Bug,,,,,,,
476,Armaldo,,,,Rock,Bug,,475,Level 40,,,,
477,Feebas,,,,Water,,,,,,,,
478,Milotic,,,,Water,,,477,Trade holding Prism Scale,,,,
479,Castform,,,,Normal,,,,,1,"During normal weather, fog, a sandstorm, or a shadowy aura",,
1565,Castform,Sunny,,479,Fire,,,,,1,During harsh sunlight,,
1566,Castform,Rainy,,479,Water,,,,,1,During rain,,
1567,Castform,Snowy,,479,Ice,,,,,1,During hail,,
480,Kecleon,,,,Normal,,,,,,,,
481,Shuppet,,,,Ghost,,,,,,,,
482,Banette,,,,Ghost,,,481,Level 37,,,,
1592,Banette,Mega,,,Ghost,,,482,Holding Banettite,,,,
483,Duskull,,,,Ghost,,Levitate,,,,,,
484,Dusclops,,,,Ghost,,,483,Level 37,,,,
727,Dusknoir,,,,Ghost,,,484,Trade holding Reaper Cloth,,,,
485,Tropius,,,,Grass,Flying,,,,,,,
631,Chingling,,,,Psychic,,Levitate,,,,,,
486,Chimecho,,,,Psychic,,Levitate,631,Level during the night with high friendship,,,,
487,Absol,,,,Dark,,,,,,,,
1591,Absol,Mega,,,Dark,,,487,Holding Absolite,,,,
489,Snorunt,,,,Ice,,,,,,,,
490,Glalie,,,,Ice,,,489,Level 42,,,,
1560,Glalie,Mega,,,Ice,,,490,Holding Glalitite,,,,
728,Froslass,,,,Ice,Ghost,,489,Use Dawn Stone when female,,,,
491,Spheal,,,,Ice,Water,Thick Fat,,,,,,
492,Sealeo,,,,Ice,Water,Thick Fat,491,Level 32,,,,
493,Walrein,,,,Ice,Water,Thick Fat,492,Level 44,,,,
494,Clamperl,,,,Water,,,,,,,,
495,Huntail,,,,Water,,,494,Trade holding Deep Sea Tooth,,,,
496,Gorebyss,,,,Water,,,494,Trade holding Deep Sea Scale,,,,
497,Relicanth,,,,Water,Rock,,,,,,,
498,Luvdisc,,,,Water,,,,,,,,
499,Bagon,,,,Dragon,,,,,,,,
500,Shelgon,,,,Dragon,,,499,Level 30,,,,
501,Salamence,,,,Dragon,Flying,,500,Level 50,,,,
1586,Salamence,Mega,,,Dragon,Flying,,501,Holding Salamencite,,,,
502,Beldum,,,,Steel,Psychic,,,,,,,
503,Metang,,,,Steel,Psychic,,502,Level 20,,,,
504,Metagross,,,,Steel,Psychic,,503,Level 45,,,,
1585,Metagross,Mega,,,Steel,Psychic,,504,Holding Metagrossite,,,,
505,Regirock,,,,Rock,,,,,,,,
506,Regice,,,,Ice,,,,,,,,
507,Registeel,,,,Steel,,,,,,,,
508,Latias,,,,Dragon,Psychic,Levitate,,,,,,
1400,Latias,Mega,,,Dragon,Psychic,Levitate,508,Holding Latiasite,,,,
509,Latios,,,,Dragon,Psychic,Levitate,,,,,,
1399,Latios,Mega,,,Dragon,Psychic,Levitate,509,Holding Latiosite,,,,
510,Kyogre,,,,Water,,,,,2,If not holding Blue Orb,,
1432,Kyogre,Primal,,510,Water,,Primordial Sea,,,2,While holding Blue Orb,,
511,Groudon,,,,Ground,,,,,3,If not holding Red Orb,,
1433,Groudon,Primal,,511,Ground,Fire,Desolate Land,,,3,While holding Red Orb,,
512,Rayquaza,,,,Dragon,Flying,,,,,,,
1431,Rayquaza,Mega,,,Dragon,Flying,Delta Stream,512,Knowing Dragon Ascent and not holding a Z-Crystal,,,,
513,Jirachi,,,,Steel,Psychic,,,,,,,
514,Deoxys,,,,Psychic,,,,,4,In Pokémon Ruby and Sapphire,,
1391,Deoxys,Attack,Deoxys (Attack),514,Psychic,,,,,4,In Pokémon FireRed,,
1392,Deoxys,Defense,Deoxys (Defense),514,Psychic,,,,,4,In Pokémon LeafGreen,,
1393,Deoxys,Speed,Deoxys (Speed),514,Psychic,,,,,4,In Pokémon Emerald,,
591,Turtwig,,,,Grass,,,,,,,,
592,Grotle,,,,Grass,,,591,Level 18,,,,
593,Torterra,,,,Grass,Ground,,592,Level 32,,,,
34,Chimchar,,,,Fire,,,,,,,,
35,Monferno,,,,Fire,Fighting,,34,Level 14,,,,
19,Infernape,,,,Fire,Fighting,,35,Level 36,,,,
594,Piplup,,,,Water,,,,,,,,
595,Prinplup,,,,Water,,,594,Level 16,,,,
596,Empoleon,,,,Water,Steel,,595,Level 36,,,,
597,Starly,,,,Normal,Flying,,,,,,,
598,Staravia,,,,Normal,Flying,,597,Level 14,,,,
599,Staraptor,,,,Normal,Flying,,598,Level 34,,,,
600,Bidoof,,,,Normal,,,,,,,,
601,Bibarel,,,,Normal,Water,,600,Level 15,,,,
602,Kricketot,,,,Bug,,,,,,,,
603,Kricketune,,,,Bug,,,602,Level 10,,,,
20,Shinx,,,,Electric,,,,,,,,
21,Luxio,,,,Electric,,,20,Level 15,,,,
22,Luxray,,,,Electric,,,21,Level 30,,,,
606,Cranidos,,,,Rock,,,,,,,,
607,Rampardos,,,,Rock,,,606,Level 30,,,,
608,Shieldon,,,,Rock,Steel,,,,,,,
609,Bastiodon,,,,Rock,Steel,,608,Level 30,,,,
610,Burmy,Plant,,,Bug,,,,,5,If it last battled in grass,,
611,Wormadam,Plant,,,Bug,Grass,,610,Level 20 when female,,,,
1606,Burmy,Sandy,,610,Bug,,,,,5,If it last battled in a cave,,
1568,Wormadam,Sandy,,611,Bug,Ground,,1606,Level 20 when female,,,,
1607,Burmy,Trash,,610,Bug,,,,,5,If it last battled in a building,,
1569,Wormadam,Trash,,611,Bug,Steel,,1607,Level 20 when female,,,,
612,Mothim,,,,Bug,Flying,,610;1606;1607,Level 20 when male,,,,
613,Combee,,,,Bug,Flying,,,,,,,
614,Vespiquen,,,,Bug,Flying,,613,Level 21 When Female,,,,
615,Pachirisu,,,,Electric,,,,,,,,
616,Buizel,,,,Water,,,,,,,,
617,Floatzel,,,,Water,,,616,Level 26,,,,
618,Cherubi,,,,Grass,,,,,,,,
619,Cherrim,,,,Grass,,,618,Level 25,,,,
620,Shellos,,,,Water,,,,,,,,
621,Gastrodon,,,,Water,Ground,,620,Level 30,,,,
623,Drifloon,,,,Ghost,Flying,,,,,,,
624,Drifblim,,,,Ghost,Flying,,623,Level 28,,,,
625,Buneary,,,,Normal,,,,,,,,
626,Lopunny,,,,Normal,,,625,Level with high friendship,,,,
1593,Lopunny,Mega,,,Normal,Fighting,,626,Holding Lopunnite,,,,
629,Glameow,,,,Normal,,,,,,,,
630,Purugly,,,,Normal,,Thick Fat,629,Level 38,,,,
632,Stunky,,,,Poison,Dark,,,,,,,
633,Skuntank,,,,Poison,Dark,,632,Level 34,,,,
634,Bronzor,,,,Steel,Psychic,Levitate,,,,,,
635,Bronzong,,,,Steel,Psychic,Levitate,634,Level 33,,,,
639,Chatot,,,,Normal,Flying,,,,,,,
640,Spiritomb,,,,Ghost,Dark,,,,,,,
641,Gible,,,,Dragon,Ground,,,,,,,
642,Gabite,,,,Dragon,Ground,,641,Level 24,,,,
643,Garchomp,,,,Dragon,Ground,,642,Level 48,,,,
1438,Garchomp,Mega,,,Dragon,Ground,,643,Holding Garchompite,,,,
645,Riolu,,,,Fighting,,,,,,,,
646,Lucario,,,,Fighting,Steel,,645,Level during the day with high friendship,,,,
1561,Lucario,Mega,,,Fighting,Steel,,646,Holding Lucarionite,,,,
647,Hippopotas,,,,Ground,,,,,,,,
648,Hippowdon,,,,Ground,,,647,Level 34,,,,
649,Skorupi,,,,Poison,Bug,,,,,,,
650,Drapion,,,,Poison,Dark,,649,Level 40,,,,
651,Croagunk,,,,Poison,Fighting,Dry Skin,,,,,,
652,Toxicroak,,,,Poison,Fighting,Dry Skin,651,Level 37,,,,
653,Carnivine,,,,Grass,,Levitate,,,,,,
654,Finneon,,,,Water,,,,,,,,
655,Lumineon,,,,Water,,,654,Level 31,,,,
657,Snover,,,,Grass,Ice,,,,,,,
658,Abomasnow,,,,Grass,Ice,,657,Level 40,,,,
1562,Abomasnow,Mega,,,Grass,Ice,,658,Holding Abomasite,,,,
729,Rotom,,,,Electric,Ghost,Levitate,,,6,When not possessing an appliance,,
1408,Rotom,Heat,,729,Electric,Fire,Levitate,,,6,When it possesses a microwave oven,,
1409,Rotom,Wash,,729,Electric,Water,Levitate,,,6,When it possesses a washing machine,,
1410,Rotom,Frost,,729,Electric,Ice,Levitate,,,6,When it possesses a refrigerator,,
1411,Rotom,Fan,,729,Electric,Flying,Levitate,,,6,When it possesses an electric fan,,
1413,Rotom,Mow,,729,Electric,Grass,Levitate,,,6,When it possesses a lawn mower,,
730,Uxie,,,,Psychic,,Levitate,,,,,,
731,Mesprit,,,,Psychic,,Levitate,,,,,,
732,Azelf,,,,Psychic,,Levitate,,,,,,
733,Dialga,,,,Steel,Dragon,,,,,,,
734,Palkia,,,,Water,Dragon,,,,,,,
735,Heatran,,,,Fire,Steel,Flash Fire,,,,,,
736,Regigigas,,,,Normal,,,,,,,,
737,Giratina,,,,Ghost,Dragon,,,,7,If not holding a Griseous Orb,,
1401,Giratina,Origin,,737,Ghost,Dragon,Levitate,,,7,While holding a Griseous Orb,,
738,Cresselia,,,,Psychic,,Levitate,,,,,,
36,Phione,,,,Water,,,,,,,,
37,Manaphy,,,,Water,,,,,,,,
739,Darkrai,,,,Dark,,,,,,,,
740,Shaymin,,,,Grass,,,,,8,During the night or when frozen,,
1407,Shaymin,Sky,,740,Grass,Flying,,,,8,Use a Gracidea Flower in the daytime,,
741,Arceus,,,,Normal,,,,,,,,
742,Victini,,,,Psychic,Fire,,,,,,,
829,Snivy,,,,Grass,,,,,,,,
830,Servine,,,,Grass,,,829,Level 17,,,,
831,Serperior,,,,Grass,,,830,Level 36,,,,
832,Tepig,,,,Fire,,,,,,,,
833,Pignite,,,,Fire,Fighting,,832,Level 17,,,,
834,Emboar,,,,Fire,Fighting,,833,Level 36,,,,
835,Oshawott,,,,Water,,,,,,,,
836,Dewott,,,,Water,,,835,Level 17,,,,
837,Samurott,,,,Water,,,836,Level 36,,,,
1624,Samurott,Hisuian,,837,Water,Dark,,836,Level 36 in Legends: Arceus,,,,
838,Patrat,,,,Normal,,,,,,,,
839,Watchog,,,,Normal,,,838,Level 20,,,,
840,Lillipup,,,,Normal,,,,,,,,
841,Herdier,,,,Normal,,,840,Level 16,,,,
842,Stoutland,,,,Normal,,,841,Level 32,,,,
843,Purrloin,,,,Dark,,,,,,,,
844,Liepard,,,,Dark,,,843,Level 20,,,,
845,Pansage,,,,Grass,,,,,,,,
846,Simisage,,,,Grass,,,845,Use Leaf Stone,,,,
847,Pansear,,,,Fire,,,,,,,,
848,Simisear,,,,Fire,,,847,Use Fire Stone,,,,
849,Panpour,,,,Water,,,,,,,,
850,Simipour,,,,Water,,,849,Use Water Stone,,,,
851,Munna,,,,Psychic,,,,,,,,
852,Musharna,,,,Psychic,,,851,Use Moon Stone,,,,
853,Pidove,,,,Normal,Flying,,,,,,,
854,Tranquill,,,,Normal,Flying,,853,Level 21,,,,
855,Unfezant,,,,Normal,Flying,,854,Level 32,,,,
856,Blitzle,,,,Electric,,Lightning Rod,,,,,,
857,Zebstrika,,,,Electric,,Lightning Rod,856,Level 27,,,,
858,Roggenrola,,,,Rock,,,,,,,,
859,Boldore,,,,Rock,,,858,Level 25,,,,
860,Gigalith,,,,Rock,,,859,Trade,,,,
861,Woobat,,,,Psychic,Flying,,,,,,,
862,Swoobat,,,,Psychic,Flying,,861,Level with high friendship,,,,
863,Drilbur,,,,Ground,,,,,,,,
864,Excadrill,,,,Ground,Steel,,863,Level 31,,,,
865,Audino,,,,Normal,,,,,,,,
1563,Audino,Mega,,,Normal,Fairy,,865,Holding Audinite,,,,
866,Timburr,,,,Fighting,,,,,,,,
867,Gurdurr,,,,Fighting,,,866,Level 25,,,,
868,Conkeldurr,,,,Fighting,,,867,Trade,,,,
869,Tympole,,,,Water,,,,,,,,
870,Palpitoad,,,,Water,Ground,,869,Level 25,,,,
871,Seismitoad,,,,Water,Ground,,870,Level 36,,,,
872,Throh,,,,Fighting,,,,,,,,
873,Sawk,,,,Fighting,,,,,,,,
874,Sewaddle,,,,Bug,Grass,,,,,,,
875,Swadloon,,,,Bug,Grass,,874,Level 20,,,,
876,Leavanny,,,,Bug,Grass,,875,Level with high friendship,,,,
877,Venipede,,,,Bug,Poison,,,,,,,
878,Whirlipede,,,,Bug,Poison,,877,Level 22,,,,
879,Scolipede,,,,Bug,Poison,,878,Level 30,,,,
880,Cottonee,,,,Grass,Fairy,,,,,,,
881,Whimsicott,,,,Grass,Fairy,,880,Use Sun Stone,,,,
882,Petilil,,,,Grass,,,,,,,,
883,Lilligant,,,,Grass,,,882,Use Sun Stone,,,,
1625,Lilligant,Hisuian,,883,Grass,Fighting,,882,Use Sun Stone in Legends: Arceus,,,,
885,Basculin,,,,Water,,,,,,,,
1414,Basculin,Blue-Striped,,885,Water,,,,,,,,
1608,Basculin,White-Striped,,885,Water,,,,,,,legends-arceus,
1612,Basculegion,,,,Water,Ghost,,1608,After losing at least 294 HP from recoil damage,,,legends-arceus,
886,Sandile,,,,Ground,Dark,,,,,,,
887,Krokorok,,,,Ground,Dark,,886,Level 29,,,,
888,Krookodile,,,,Ground,Dark,,887,Level 40,,,,
889,Darumaka,,,,Fire,,,,,,,,
890,Darmanitan,,,,Fire,,,889,Level 35,9,With HP above half,,
1554,Darmanitan,Zen,,890,Fire,Psychic,,,,9,With HP below half,,
1557,Darumaka,Galarian,,889,Ice,,,,,,,,
1555,Darmanitan,Galarian,,890,Ice,,,1557,Use Ice Stone,10,With HP above half,,darmanitan-galarian-standard
1556,Darmanitan,Galarian Zen,,890,Ice,Fire,,,,10,With HP below half,,darmanitan-galarian-zen
891,Maractus,,,,Grass,,Water Absorb,,,,,,
892,Dwebble,,,,Bug,Rock,,,,,,,
893,Crustle,,,,Bug,Rock,,892,Level 34,,,,
894,Scraggy,,,,Dark,Fighting,,,,,,,
914,Scrafty,,,,Dark,Fighting,,894,Level 39,,,,
915,Sigilyph,,,,Psychic,Flying,,,,,,,
916,Yamask,,,,Ghost,,,,,,,,
917,Cofagrigus,,,,Ghost,,,916,Level 34,,,,
1464,Yamask,Galarian,,916,Ground,Ghost,,,,,,,
1465,Runerigus,,,,Ground,Ghost,,1464,Take 49+ damage and travel under the Stone Bridge in Dusty Bowl in Galar,,,,
918,Tirtouga,,,,Water,Rock,,,,,,,
919,Carracosta,,,,Water,Rock,,918,Level 37,,,,
920,Archen,,,,Rock,Flying,,,,,,,
921,Archeops,,,,Rock,Flying,,920,Level 37,,,,
922,Trubbish,,,,Poison,,,,,,,,
923,Garbodor,,,,Poison,,,922,Level 36,,,,
939,Zorua,,,,Dark,,,,,,,,
940,Zoroark,,,,Dark,,,939,Level 30,,,,
1626,Zorua,Hisuian,,939,Normal,Ghost,,,,,,,
1627,Zoroark,Hisuian,,940,Normal,Ghost,,1626,Level 30,,,,
941,Minccino,,,,Normal,,,,,,,,
942,Cinccino,,,,Normal,,,941,Use Shiny Stone,,,,
943,Gothita,,,,Psychic,,,,,,,,
944,Gothorita,,,,Psychic,,,943,Level 32,,,,
945,Gothitelle,,,,Psychic,,,944,Level 41,,,,
946,Solosis,,,,Psychic,,,,,,,,
947,Duosion,,,,Psychic,,,946,Level 32,,,,
948,Reuniclus,,,,Psychic,,,947,Level 41,,,,
950,Ducklett,,,,Water,Flying,,,,,,,
951,Swanna,,,,Water,Flying,,950,Level 35,,,,
952,Vanillite,,,,Ice,,,,,,,,
953,Vanillish,,,,Ice,,,952,Level 35,,,,
954,Vanilluxe,,,,Ice,,,953,Level 47,,,,
955,Deerling,,,,Normal,Grass,,,,,,,
956,Sawsbuck,,,,Normal,Grass,,955,Level 34,,,,
957,Emolga,,,,Electric,Flying,,,,,,,
958,Karrablast,,,,Bug,,,,,,,,
959,Escavalier,,,,Bug,Steel,,958,Trade for a Shelmet,,,,
961,Foongus,,,,Grass,Poison,,,,,,,
962,Amoonguss,,,,Grass,Poison,,961,Level 39,,,,
963,Frillish,,,,Water,Ghost,Water Absorb,,,,,,
964,Jellicent,,,,Water,Ghost,Water Absorb,963,Level 40,,,,
965,Alomomola,,,,Water,,,,,,,,
966,Joltik,,,,Bug,Electric,,,,,,,
967,Galvantula,,,,Bug,Electric,,966,Level 36,,,,
968,Ferroseed,,,,Grass,Steel,,,,,,,
969,Ferrothorn,,,,Grass,Steel,,968,Level 40,,,,
970,Klink,,,,Steel,,,,,,,,
972,Klang,,,,Steel,,,970,Level 38,,,,
973,Klinklang,,,,Steel,,,972,Level 49,,,,
974,Tynamo,,,,Electric,,Levitate,,,,,,
975,Eelektrik,,,,Electric,,Levitate,974,Level 39,,,,
976,Eelektross,,,,Electric,,Levitate,975,Use Thunder Stone,,,,
977,Elgyem,,,,Psychic,,,,,,,,
978,Beheeyem,,,,Psychic,,,977,Level 42,,,,
979,Litwick,,,,Ghost,Fire,Flash Fire,,,,,,
980,Lampent,,,,Ghost,Fire,Flash Fire,979,Level 41,,,,
981,Chandelure,,,,Ghost,Fire,Flash Fire,980,Use Dusk Stone,,,,
983,Axew,,,,Dragon,,,,,,,,
984,Fraxure,,,,Dragon,,,983,Level 38,,,,
985,Haxorus,,,,Dragon,,,984,Level 48,,,,
986,Cubchoo,,,,Ice,,,,,,,,
987,Beartic,,,,Ice,,,986,Level 37,,,,
988,Cryogonal,,,,Ice,,Levitate,,,,,,
989,Shelmet,,,,Bug,,,,,,,,
990,Accelgor,,,,Bug,,,989,Trade for Karrablast,,,,
991,Stunfisk,,,,Ground,Electric,,,,,,,
1553,Stunfisk,Galarian,,991,Ground,Steel,,,,,,,
992,Mienfoo,,,,Fighting,,,,,,,,
994,Mienshao,,,,Fighting,,,992,Level 50,,,,
995,Druddigon,,,,Dragon,,,,,,,,
996,Golett,,,,Ground,Ghost,,,,,,,
997,Golurk,,,,Ground,Ghost,,996,Level 43,,,,
998,Pawniard,,,,Dark,Steel,,,,,,,
999,Bisharp,,,,Dark,Steel,,998,Level 52,,,,
1711,Kingambit,,,,Dark,Steel,,999,Level after defeating three Bisharp that lead a pack of Pawniard,,,,
1000,Bouffalant,,,,Normal,,,,,,,,
1001,Rufflet,,,,Normal,Flying,,,,,,,
1002,Braviary,,,,Normal,Flying,,1001,Level 54,,,,
1628,Braviary,Hisuian,,1002,Psychic,Flying,,1001,Level 54 in Legends: Arceus,,,,
1003,Vullaby,,,,Dark,Flying,,,,,,,
1005,Mandibuzz,,,,Dark,Flying,,1003,Level 54,,,,
1006,Heatmor,,,,Fire,,,,,,,,
1007,Durant,,,,Bug,Steel,,,,,,,
1008,Deino,,,,Dark,Dragon,,,,,,,
1009,Zweilous,,,,Dark,Dragon,,1008,Level 50,,,,
1010,Hydreigon,,,,Dark,Dragon,Levitate,1009,Level 64,,,,
1011,Larvesta,,,,Bug,Fire,,,,,,,
1012,Volcarona,,,,Bug,Fire,,1011,Level 59,,,,
1013,Cobalion,,,,Steel,Fighting,,,,,,,
1014,Terrakion,,,,Rock,Fighting,,,,,,,
1016,Virizion,,,,Grass,Fighting,,,,,,,
1017,Tornadus,,,,Flying,,,,,11,Use the Reveal Glass,,
1415,Tornadus,Therian,,1017,Flying,,,,,11,Use the Reveal Glass,,
1018,Thundurus,,,,Electric,Flying,,,,12,Use the Reveal Glass,,
1416,Thundurus,Therian,,1018,Electric,Flying,Volt Absorb,,,12,Use the Reveal Glass,,
1019,Reshiram,,,,Dragon,Fire,,,,,,,
1020,Zekrom,,,,Dragon,Electric,,,,,,,
1021,Landorus,,,,Ground,Flying,,,,13,Use the Reveal Glass,,
1417,Landorus,Therian,,1021,Ground,Flying,,,,13,Use the Reveal Glass,,
1022,Kyurem,,,,Dragon,Ice,,,,14,Undo DNA Splicing,,
1421,Kyurem,White,,1022,Dragon,Ice,,,,14,DNA Splice with Reshiram,,
1423,Kyurem,Black,,1022,Dragon,Ice,,,,14,DNA Splice with Zekrom,,
1023,Keldeo,,,,Water,Fighting,,,,,,,
1024,Meloetta,,,,Normal,Psychic,,,,15,Use the move Relic Song,,
1570,Meloetta,Pirouette,,1024,Normal,Fighting,,,,15,Use the move Relic Song,,
1025,Genesect,,,,Bug,Steel,,,,,,,
1066,Chespin,,,,Grass,,,,,,,,
1067,Quilladin,,,,Grass,,,1066,Level 16,,,,
1068,Chesnaught,,,,Grass,Fighting,,1067,Level 36,,,,
1069,Fennekin,,,,Fire,,,,,,,,
1070,Braixen,,,,Fire,,,1069,Level 16,,,,
1071,Delphox,,,,Fire,Psychic,,1070,Level 36,,,,
1072,Froakie,,,,Water,,,,,,,,
1073,Frogadier,,,,Water,,,1072,Level 16,,,,
1074,Greninja,,,,Water,Dark,,1073,Level 36,,,,
1075,Bunnelby,,,,Normal,,,,,,,,
1077,Diggersby,,,,Normal,Ground,,1075,Level 20,,,,
1078,Fletchling,,,,Normal,Flying,,,,,,,
1079,Fletchinder,,,,Fire,Flying,,1078,Level 17,,,,
1080,Talonflame,,,,Fire,Flying,,1079,Level 35,,,,
1081,Scatterbug,,,,Bug,,,,,,,,
1082,Spewpa,,,,Bug,,,1081,Level 9,,,,
1083,Vivillon,,,,Bug,Flying,,1082,Level 12,,,,
1084,Litleo,,,,Fire,Normal,,,,,,,
1085,Pyroar,,,,Fire,Normal,,1084,Level 35,,,,
1086,Flabébé,,,,Fairy,,,,,,,,
1088,Floette,,,,Fairy,,,1086,Level 19,,,,
1089,Florges,,,,Fairy,,,1088,Use Shiny Stone,,,,
1090,Skiddo,,,,Grass,,Sap Sipper,,,,,,
1091,Gogoat,,,,Grass,,Sap Sipper,1090,Level 32,,,,
1092,Pancham,,,,Fighting,,,,,,,,
1093,Pangoro,,,,Fighting,Dark,,1092,Level 32 With Dark-Type Pokemon In Party,,,,
1094,Furfrou,,,,Normal,,,,,,,,
1095,Espurr,,,,Psychic,,,,,,,,
1096,Meowstic,,,,Psychic,,,1095,Level 25,,,,
1580,Meowstic,Female,,1096,Psychic,,,1095,Level 25,,,,
25,Honedge,,,,Steel,Ghost,,,,,,,
26,Doublade,,,,Steel,Ghost,,25,Level 35,,,,
1098,Aegislash,,,,Steel,Ghost,,26,Use Dusk Stone,16,Use the move King's Shield,,
1370,Aegislash,Blade,,1098,Steel,Ghost,,,,16,Use a damaging move,,
1101,Spritzee,,,,Fairy,,,,,,,,
1102,Aromatisse,,,,Fairy,,,1101,Trade holding Sachet,,,,
1103,Swirlix,,,,Fairy,,,,,,,,
1104,Slurpuff,,,,Fairy,,,1103,Trade holding Whipped Dream,,,,
1105,Inkay,,,,Dark,Psychic,,,,,,,
1106,Malamar,,,,Dark,Psychic,,1105,Level 30 With System Or Controller Upside-Down,,,,
1107,Binacle,,,,Rock,Water,,,,,,,
1108,Barbaracle,,,,Rock,Water,,1107,Level 39,,,,
1110,Skrelp,,,,Poison,Water,,,,,,,
1111,Dragalge,,,,Poison,Dragon,,1110,Level 48,,,,
1112,Clauncher,,,,Water,,,,,,,,
1113,Clawitzer,,,,Water,,,1112,Level 37,,,,
1122,Helioptile,,,,Electric,Normal,Dry Skin,,,,,,
1123,Heliolisk,,,,Electric,Normal,Dry Skin,1122,Use Sun Stone,,,,
1124,Tyrunt,,,,Rock,Dragon,,,,,,,
1125,Tyrantrum,,,,Rock,Dragon,,1124,Level 39 during the day,,,,
1126,Amaura,,,,Rock,Ice,,,,,,,
1127,Aurorus,,,,Rock,Ice,,1126,Level 39 at night,,,,
1130,Hawlucha,,,,Fighting,Flying,,,,,,,
1131,Dedenne,,,,Electric,Fairy,,,,,,,
1132,Carbink,,,,Rock,Fairy,,,,,,,
1133,Goomy,,,,Dragon,,Sap Sipper,,,,,,
1134,Sliggoo,,,,Dragon,,Sap Sipper,1133,Level 40,,,,
1135,Goodra,,,,Dragon,,Sap Sipper,1134,Level 50 When Raining or Foggy outside battle,,,,
1629,Sliggoo,Hisuian,,1134,Dragon,Steel,Sap Sipper,1133,Level 40 in Legends: Arceus,,,,
1630,Goodra,Hisuian,,1135,Dragon,Steel,Sap Sipper,1629,Level 50 When Raining or Foggy outside battle,,,,
1136,Klefki,,,,Steel,Fairy,,,,,,,
1137,Phantump,,,,Ghost,Grass,,,,,,,
1138,Trevenant,,,,Ghost,Grass,,1137,Trade,,,,
1140,Pumpkaboo,,,,Ghost,Grass,,,,,,,
1141,Gourgeist,,,,Ghost,Grass,,1140,Trade,,,,
1571,Pumpkaboo,Small,,1140,Ghost,Grass,,,,,,,
1574,Gourgeist,Small,,1141,Ghost,Grass,,1571,Trade,,,,
1572,Pumpkaboo,Large,,1140,Ghost,Grass,,,,,,,
1575,Gourgeist,Large,,1141,Ghost,Grass,,1572,Trade,,,,
1573,Pumpkaboo,Super,,1140,Ghost,Grass,,,,,,,
1576,Gourgeist,Super,,1141,Ghost,Grass,,1573,Trade,,,,
1142,Bergmite,,,,Ice,,,,,,,,
1143,Avalugg,,,,Ice,,,1142,Level 37,,,,
1631,Avalugg,Hisuian,,1143,Ice,Rock,,1142,Level 37 in Legends: Arceus,,,,
1144,Noibat,,,,Flying,Dragon,,,,,,,
1145,Noivern,,,,Flying,Dragon,,1144,Level 48,,,,
1146,Xerneas,,,,Fairy,,,,,,,,
1147,Yveltal,,,,Dark,Flying,,,,,,,
1577,Zygarde,10%,,1148,Dragon,Ground,,,Collect 10% of Zygarde Cells,,,,
1148,Zygarde,,,,Dragon,Ground,,1577,Collect 50% of Zygarde Cells,17,At the end of battle,,
1578,Zygarde,Complete,,1148,Dragon,Ground,,,,17,If HP is below half,,
1149,Diancie,,,,Rock,Fairy,,,,,,,
1594,Diancie,Mega,,,Rock,Fairy,,1149,Holding Diancite,,,,
1151,Hoopa,,,,Psychic,Ghost,,,,18,After 3 days,,
1579,Hoopa,Unbound,,1151,Psychic,Dark,,,,18,Use Prison Bottle,,
1152,Volcanion,,,,Fire,Water,Water Absorb,,,,,,
1246,Rowlet,,,,Grass,Flying,,,,,,,
1247,Dartrix,,,,Grass,Flying,,1246,Level 17,,,,
1248,Decidueye,,,,Grass,Ghost,,1247,Level 34,,,,
1632,Decidueye,Hisuian,,1248,Grass,Fighting,,1247,Level 36 in Legends: Arceus,,,,
1249,Litten,,,,Fire,,,,,,,,
1250,Torracat,,,,Fire,,,1249,Level 17,,,,
1251,Incineroar,,,,Fire,Dark,,1250,Level 34,,,,
1252,Popplio,,,,Water,,,,,,,,
1253,Brionne,,,,Water,,,1252,Level 17,,,,
1255,Primarina,,,,Water,Fairy,,1253,Level 34,,,,
1256,Pikipek,,,,Normal,Flying,,,,,,,
1257,Trumbeak,,,,Normal,Flying,,1256,Level 14,,,,
1258,Toucannon,,,,Normal,Flying,,1257,Level 28,,,,
1259,Yungoos,,,,Normal,,,,,,,,
1260,Gumshoos,,,,Normal,,,1259,Level 20 During The Day,,,,
1261,Grubbin,,,,Bug,,,,,,,,
1262,Charjabug,,,,Bug,Electric,,1261,Level 20,,,,
1263,Vikavolt,,,,Bug,Electric,Levitate,1262,Use Thunder Stone,,,,
1264,Crabrawler,,,,Fighting,,,,,,,,
1266,Crabominable,,,,Fighting,Ice,,1264,Level at Mount Lanakila in Alola,,,,
1267,Oricorio,Baile,,,Fire,Flying,,,,19,Use Red Nectar,,
1582,Oricorio,Pom-Pom,,1267,Electric,Flying,,,,19,Use Yellow Nectar,,
1583,Oricorio,Pa'u,,1267,Psychic,Flying,,,,19,Use Pink Nectar,,
1584,Oricorio,Sensu,,1267,Ghost,Flying,,,,19,Use Purple Nectar,,
1268,Cutiefly,,,,Bug,Fairy,,,,,,,
1269,Ribombee,,,,Bug,Fairy,,1268,Level 25,,,,
1270,Rockruff,,,,Rock,,,,,,,,
1271,Lycanroc,,,,Rock,,,1270,Level 25 during the day,,,,
1403,Lycanroc,Dusk,,1271,Rock,,,1270,Level 25 with Own Tempo between 5-6pm,,,,
1402,Lycanroc,Midnight,,1271,Rock,,,1270,Level 25 at night,,,,
1272,Wishiwashi,,Singe Wishiwashi,,Water,,,,,20,If HP below 25%,,
1581,Wishiwashi,School,Wishiwashi School,1272,Water,,,,,20,If HP above 25% and level 20+,,
1273,Mareanie,,,,Poison,Water,,,,,,,
1274,Toxapex,,,,Poison,Water,,1273,Level 38,,,,
1275,Mudbray,,,,Ground,,,,,,,,
1277,Mudsdale,,,,Ground,,,1275,Level 30,,,,
1278,Dewpider,,,,Water,Bug,Water Bubble,,,,,,
1279,Araquanid,,,,Water,Bug,Water Bubble,1278,Level 22,,,,
1280,Fomantis,,,,Grass,,,,,,,,
1281,Lurantis,,,,Grass,,,1280,Level 34 During The Day,,,,
1282,Morelull,,,,Grass,Fairy,,,,,,,
1283,Shiinotic,,,,Grass,Fairy,,1282,Level 24,,,,
1284,Salandit,,,,Poison,Fire,,,,,,,
1285,Salazzle,,,,Poison,Fire,,1284,Level 33 When Female,,,,
1286,Stufful,,,,Normal,Fighting,,,,,,,
1288,Bewear,,,,Normal,Fighting,,1286,Level 27,,,,
1289,Bounsweet,,,,Grass,,,,,,,,
1290,Steenee,,,,Grass,,,1289,Level 18,,,,
1291,Tsareena,,,,Grass,,,1290,Level while knowing Stomp,,,,
1292,Comfey,,,,Fairy,,,,,,,,
743,Oranguru,,,,Normal,Psychic,,,,,,,
1293,Passimian,,,,Fighting,,,,,,,,
1294,Wimpod,,,,Bug,Water,,,,,,,
1295,Golisopod,,,,Bug,Water,,1294,Level 30,,,,
1296,Sandygast,,,,Ghost,Ground,,,,,,,
1298,Palossand,,,,Ghost,Ground,,1296,Level 42,,,,
1299,Pyukumuku,,,,Water,,,,,,,,
1300,Type: Null,,,,Normal,,,,,,,,
1301,Silvally,,,,Normal,,,1300,Level with high friendship,,,,
1302,Minior,,,,Rock,Flying,,,,21,If HP is above half,,
1564,Minior,Core,Minior Core,1302,Rock,Flying,,,,21,If HP is below half,,
1303,Komala,,,,Normal,,,,,,,,
1304,Turtonator,,,,Fire,Dragon,,,,,,,
1305,Togedemaru,,,,Electric,Steel,,,,,,,
1306,Mimikyu,,,,Ghost,Fairy,,,,,,,
1307,Bruxish,,,,Water,Psychic,,,,,,,
1309,Drampa,,,,Normal,Dragon,,,,,,,
1310,Dhelmise,,,,Ghost,Grass,,,,,,,
1311,Jangmo-o,,,,Dragon,,,,,,,,
1312,Hakamo-o,,,,Dragon,Fighting,,1311,Level 35,,,,
1313,Kommo-o,,,,Dragon,Fighting,,1312,Level 45,,,,
1314,Tapu Koko,,,,Electric,Fairy,,,,,,,
1315,Tapu Lele,,,,Psychic,Fairy,,,,,,,
1316,Tapu Bulu,,,,Grass,Fairy,,,,,,,
1317,Tapu Fini,,,,Water,Fairy,,,,,,,
1318,Cosmog,,,,Psychic,,,,,,,,
1320,Cosmoem,,,,Psychic,,,1318,Level 43,,,,
1321,Solgaleo,,,,Psychic,Steel,,1320,Level 53 In Sun Or Ultra Sun,,,,
1322,Lunala,,,,Psychic,Ghost,,1320,Level 53 In Moon Or Ultra Moon,,,,
1323,Nihilego,,,,Rock,Poison,,,,,,,
1324,Buzzwole,,,,Bug,Fighting,,,,,,,
1325,Pheromosa,,,,Bug,Fighting,,,,,,,
1326,Xurkitree,,,,Electric,,,,,,,,
1327,Celesteela,,,,Steel,Flying,,,,,,,
1328,Kartana,,,,Grass,Steel,,,,,,,
1329,Guzzlord,,,,Dark,Dragon,,,,,,,
1331,Necrozma,,,,Psychic,,Prism Armor,,,22,Undo fusion,,
1404,Necrozma,Dusk Mane,,1331,Psychic,Steel,Prism Armor,,,22,Fuze with Solgaleo,,
1405,Necrozma,Dawn Wings,,1331,Psychic,Ghost,Prism Armor,,,22,Fuze with Lunala,,
1406,Necrozma,Ultra,,1331,Psychic,Dragon,,,,22,Use Ultra Burst,,
1332,Magearna,,,,Steel,Fairy,,,,,,,
1333,Marshadow,,,,Fighting,Ghost,,,,,,,
1334,Poipole,,,,Poison,,,,,,,,
1335,Naganadel,,,,Poison,Dragon,,1334,Level while knowing Dragon Pulse,,,,
1336,Stakataka,,,,Rock,Steel,,,,,,,
1337,Blacephalon,,,,Fire,Ghost,,,,,,,
1338,Zeraora,,,,Electric,,Volt Absorb,,,,,,
1339,Meltan,,,,Steel,,,,,,,,
1340,Melmetal,,,,Steel,,,1339,400 Meltan Candy (Pokemon GO only),,,,
1439,Grookey,,,,Grass,,,,,,,,
1440,Thwackey,,,,Grass,,,1439,Level 16,,,,
1441,Rillaboom,,,,Grass,,,1440,Level 35,,,,
1442,Scorbunny,,,,Fire,,,,,,,,
1443,Raboot,,,,Fire,,,1442,Level 16,,,,
1444,Cinderace,,,,Fire,,,1443,Level 35,,,,
1445,Sobble,,,,Water,,,,,,,,
1446,Drizzile,,,,Water,,,1445,Level 16,,,,
1447,Inteleon,,,,Water,,,1446,Level 35,,,,
1462,Skwovet,,,,Normal,,,,,,,,
1463,Greedent,,,,Normal,,,1462,Level 24,,,,
1469,Rookidee,,,,Flying,,,,,,,,
1470,Corvisquire,,,,Flying,,,1469,Level 18,,,,
1471,Corviknight,,,,Flying,Steel,,1470,Level 38,,,,
1485,Blipbug,,,,Bug,,,,,,,,
1486,Dottler,,,,Bug,Psychic,,1485,Level 10,,,,
1487,Orbeetle,,,,Bug,Psychic,,1486,Level 30,,,,
1488,Nickit,,,,Dark,,,,,,,,
1489,Thievul,,,,Dark,,,1488,Level 18,,,,
1490,Gossifleur,,,,Grass,,,,,,,,
1491,Eldegoss,,,,Grass,,,1490,Level 20,,,,
1492,Wooloo,,,,Normal,,,,,,,,
1493,Dubwool,,,,Normal,,,1492,Level 24,,,,
1494,Chewtle,,,,Water,,,,,,,,
1495,Drednaw,,,,Water,Rock,,1494,Level 22,,,,
1496,Yamper,,,,Electric,,,,,,,,
1497,Boltund,,,,Electric,,,1496,Level 25,,,,
1498,Rolycoly,,,,Rock,,,,,,,,
1499,Carkol,,,,Rock,Fire,,1498,Level 18,,,,
1500,Coalossal,,,,Rock,Fire,,1499,Level 34,,,,
1501,Applin,,,,Grass,Dragon,,,,,,,
1502,Flapple,,,,Grass,Dragon,,1501,Use Tart Apple,,,,
1503,Appletun,,,,Grass,Dragon,,1501,Use Sweet Apple,,,,
1504,Silicobra,,,,Ground,,,,,,,,
1505,Sandaconda,,,,Ground,,,1504,Level 36,,,,
1506,Cramorant,,,,Flying,Water,,,,,,,
1507,Arrokuda,,,,Water,,,,,,,,
1508,Barraskewda,,,,Water,,,1507,Level 26,,,,
14,Toxel,,,,Electric,Poison,,,,,,,
15,Toxtricity,,,,Electric,Poison,,14,"Level 30 With An Adamant, Brave, Docile, Hardy, Hasty, Impish, Jolly, Lax, Naive, Naughty, Quirky, Rash, or Sassy Nature",,,,
16,Toxtricity,Low Key,,15,Electric,Poison,,14,"Level 30 With A Bashful, Bold, Calm, Careful, Gentle, Lonely, Mild, Modest, Quiet, Relaxed, Serious, or Timid Nature",,,,
1509,Sizzlipede,,,,Fire,Bug,Flash Fire,,,,,,
1510,Centiskorch,,,,Fire,Bug,Flash Fire,1509,Level 28,,,,
1511,Clobbopus,,,,Fighting,,,,,,,,
1512,Grapploct,,,,Fighting,,,1511,Level while knowing Taunt,,,,
1513,Sinistea,,,,Ghost,,,,,,,,
1514,Polteageist,,,,Ghost,,,1513,Use Cracked Pot when Phony or Chipped Pot when Authentic,,,,
1515,Hatenna,,,,Psychic,,,,,,,,
1516,Hattrem,,,,Psychic,,,1515,Level 32,,,,
1517,Hatterene,,,,Psychic,Fairy,,1516,Level 42,,,,
1518,Impidimp,,,,Dark,Fairy,,,,,,,
1519,Morgrem,,,,Dark,Fairy,,1518,Level 32,,,,
1520,Grimmsnarl,,,,Dark,Fairy,,1519,Level 42,,,,
1483,Milcery,,,,Fairy,,,,,,,,
1484,Alcremie,,,,Fairy,,,1483,While holding a Sweet and its Trainer spins,,,,
1378,Falinks,,,,Fighting,,,,,,,,
1425,Pincurchin,,,,Electric,,Lightning Rod,,,,,,
1481,Snom,,,,Ice,Bug,,,,,,,
1482,Frosmoth,,,,Ice,Bug,,1481,Level during the night with high friendship,,,,
1412,Stonjourner,,,,Rock,,,,,,,,
1479,Eiscue,,,,Ice,,,,,23,When a hailstorm starts,,
1480,Eiscue,Noice,,1479,Ice,,,,,23,When hit by a physical move,,
1477,Indeedee,,,,Psychic,Normal,,,,,,,
1478,Indeedee,Female,,1477,Psychic,Normal,,,,,,,
1426,Morpeko,,,,Electric,Dark,,,,,,,
1475,Cufant,,,,Steel,,,,,,,,
1476,Copperajah,,,,Steel,,,1475,Level 34,,,,
1418,Dracozolt,,,,Electric,Dragon,Volt Absorb,,,,,,
1420,Arctozolt,,,,Electric,Ice,Volt Absorb,,,,,,
1419,Dracovish,,,,Water,Dragon,Water Absorb,,,,,,
1422,Arctovish,,,,Water,Ice,Water Absorb,,,,,,
1424,Duraludon,,,,Steel,Dragon,,,,,,,
1472,Dreepy,,,,Dragon,Ghost,,,,,,,
1473,Drakloak,,,,Dragon,Ghost,,1472,Level 50,,,,
1474,Dragapult,,,,Dragon,Ghost,,1473,Level 60,,,,
1448,Zacian,,,,Fairy,,,,,24,If not holding Rusted Sword,,
1449,Zacian,Crowned,,1448,Fairy,Steel,,,,24,While holding Rusted Sword,,
1450,Zamazenta,,,,Fighting,,,,,25,If not holding Rusted Shield,,
1451,Zamazenta,Crowned,,1450,Fighting,Steel,,,,25,While holding Rusted Shield,,
1452,Eternatus,,,,Poison,Dragon,,,,26,When owned by the player,,
1461,Eternatus,Eternamax,,1452,Poison,Dragon,,,,26,During the final battle in Pokémon Sword and Shield,,
38,Kubfu,,,,Fighting,,,,,,,,
39,Urshifu,,,,Fighting,Dark,,38,Conquer the Tower of Darkness in Galar's Isle of Armor,,,,
40,Urshifu,Rapid Strike,,39,Fighting,Water,,38,Conquer the Tower of Waters in Galar's Isle of Armor,,,,
1597,Zarude,,,,Dark,Grass,,,,,,,
1598,Regieleki,,,,Electric,,,,,,,,
1599,Regidrago,,,,Dragon,,,,,,,,
1602,Glastrier,,,,Ice,,,,,,,,
1603,Spectrier,,,,Ghost,,,,,,,,
41,Calyrex,,,,Psychic,Grass,,,,27,Undo fusion,,
1604,Calyrex,Ice Rider,,41,Psychic,Ice,,,,27,Fuse with Glastrier,,
1605,Calyrex,Shadow Rider,,41,Psychic,Ghost,,,,27,Fuse with Spectrier,,
1617,Enamorus,,,,Fairy,Flying,,,,28,Use the Reveal Glass,legends-arceus,enamorus-incarnate
1618,Enamorus,Therian,,1617,Fairy,Flying,,,,28,Use the Reveal Glass,legends-arceus,
1633,Sprigatito,,,,Grass,,,,,,,,
1634,Floragato,,,,Grass,,,1633,Level 16,,,,
1635,Meowscarada,,,,Grass,Dark,,1634,Level 36,,,,
1636,Fuecoco,,,,Fire,,,,,,,,
1637,Crocalor,,,,Fire,,,1636,Level 16,,,,
1638,Skeledirge,,,,Fire,Ghost,,1637,Level 36,,,,
1639,Quaxly,,,,Water,,,,,,,,
1640,Quaxwell,,,,Water,,,1639,Level 16,,,,
1641,Quaquaval,,,,Water,Fighting,,1640,Level 36,,,,
1642,Lechonk,,,,Normal,,,,,,,,
1643,Oinkologne,,,,Normal,,,1642,Level 18,,,,
1644,Tarountula,,,,Bug,,,,,,,,
1645,Spidopos,,,,Bug,,,1644,Level 15,,,,
1646,Nymble,,,,Bug,,,,,,,,
1647,Lokix,,,,Bug,Dark,,1646,Level 24,,,,
1648,Pawmi,,,,Electric,,,,,,,,
1649,Pawmo,,,,Electric,Fighting,,1648,Level 18,,,,
1650,Pawmot,,,,Electric,Fighting,,1649,While outside of its Poké Ball after walking 1000 steps using the Let's Go feature,,,,
1653,Tandemaus,,,,Normal,,,,,,,,
1654,Maushold,,,,Normal,,,1653,Level 25 while battling,,,,
1655,Fidough,,,,Fairy,,,,,,,,
1656,Dachsbun,,,,Fairy,,,1655,Level 26,,,,
1657,Smoliv,,,,Grass,Normal,,,,,,,
1658,Dolliv,,,,Grass,Normal,,1657,Level 25,,,,
1659,Arboliva,,,,Grass,Normal,,1658,Level 35,,,,
1660,Squawkabilly,,,,Normal,Flying,,,,,,,
1661,Nacli,,,,Rock,,,,,,,,
1662,Naclstack,,,,Rock,,,1661,Level 24,,,,
1663,Garganacl,,,,Rock,,,1662,Level 38,,,,
1665,Charcadet,,,,Fire,,,,,,,,
1666,Armarouge,,,,Fire,Psychic,,1665,Use Auspicious Armor,,,,
1667,Ceruledge,,,,Fire,Ghost,,1665,Use Malicious Armor,,,,
1668,Tadbulb,,,,Electric,,,,,,,,
1669,Bellibolt,,,,Electric,,,1668,Use Thunder Stone,,,,
1670,Wattrel,,,,Electric,Flying,,,,,,,
1671,Kilowattrel,,,,Electric,Flying,,1670,Level 25,,,,
1674,Maschiff,,,,Dark,,,,,,,,
1675,Mabosstiff,,,,Dark,,,1674,Level 30,,,,
1676,Shroodle,,,,Poison,Normal,,,,,,,
1677,Grafaiai,,,,Poison,Normal,,1676,Level 28,,,,
1678,Tauros,Paldean,,224,Fighting,,,,,,,,
1679,Tauros,Paldean Aqua,Paldean Tauros (Aqua),224,Fighting,Fire,,,,,,,
1680,Tauros,Paldean Flame,Paldean Tauros (Flame),224,Fighting,Water,,,,,,,
1681,Bramblin,,,,Grass,Ghost,,,,,,,
1682,Brambleghast,,,,Grass,Ghost,,1681,While outside of its Poké Ball after walking 1000 steps using the Let's Go feature,,,,
1683,Toedscool,,,,Ground,Grass,,,,,,,
1684,Toedscruel,,,,Ground,Grass,,1683,Level 30,,,,
1685,Klawf,,,,Rock,,,,,,,,
1686,Capsakid,,,,Grass,,,,,,,,
1687,Scovillain,,,,Grass,Fire,,1686,Use Fire Stone,,,,
1688,Rellor,,,,Bug,,,,,,,,
1689,Rabsca,,,,Bug,Psychic,,1688,While outside of its Poké Ball after walking 1000 steps using the Let's Go feature,,,,
1690,Flittle,,,,Psychic,,,,,,,,
1691,Espathra,,,,Psychic,,,1690,Level 35,,,,
1692,Tinkatink,,,,Fairy,Steel,,,,,,,
1693,Tinkatuff,,,,Fairy,Steel,,1692,Level 24,,,,
1694,Tinkaton,,,,Fairy,Steel,,1693,Level 38,,,,
1695,Wiglett,,,,Water,,,,,,,,
1696,Wugtrio,,,,Water,,,1695,Level 26,,,,
1697,Bombirdier,,,,Flying,Dark,,,,,,,
1698,Finizen,,,,Water,,,,,,,,
1699,Palafin,,,,Water,,,1698,Level 38 while in the Union Circle with another player,,,,
1700,Varoom,,,,Steel,Poison,,,,,,,
1701,Revavroom,,,,Steel,Poison,,1700,Level 40,,,,
1702,Cyclizar,,,,Dragon,Normal,,,,,,,
1703,Orthworm,,,,Steel,,,,,,,,
1704,Glimmet,,,,Rock,Poison,,,,,,,
1705,Glimmora,,,,Rock,Poison,,1704,Level 35,,,,
1706,Greavard,,,,Ghost,,,,,,,,
1707,Houndstone,,,,Ghost,,,1706,Level 30 at night,,,,
1708,Flamigo,,,,Flying,Fighting,,,,,,,
1709,Cetoddle,,,,Ice,,,,,,,,
1710,Cetitan,,,,Ice,,,1709,Use Ice Stone,,,,
1712,Veluza,,,,Water,Psychic,,,,,,,
1713,Dondozo,,,,Water,,,,,,,,
1714,Tatsugiri,,,,Dragon,Water,,,,,,,
1715,Great Tusk,,,,Ground,Fighting,,,,,,,
1716,Scream Tail,,,,Fairy,Psychic,,,,,,,
1717,Brute Bonnet,,,,Grass,Dark,,,,,,,
1718,Flutter Mane,,,,Ghost,Fairy,,,,,,,
1719,Slither Wing,,,,Bug,Fighting,,,,,,,
1720,Sandy Shocks,,,,Electric,Ground,,,,,,,
1721,Iron Treads,,,,Ground,Steel,,,,,,,
1722,Iron Bundle,,,,Ice,Water,,,,,,,
1723,Iron Hands,,,,Fighting,Electric,,,,,,,
1724,Iron Jugulis,,,,Dark,Flying,,,,,,,
1725,Iron Moth,,,,Fire,Poison,,,,,,,
1726,Iron Thorns,,,,Rock,Electric,,,,,,,
1727,Frigibax,,,,Dragon,Ice,,,,,,,
1728,Artibax,,,,Dragon,Ice,,1727,Level 35,,,,
1729,Baxcalibur,,,,Dragon,Ice,,1728,Level 54,,,,
1730,Gimmighoul,,,,Ghost,,,,,,,,
1731,Gholdengo,,,,Ghost,Steel,,1730,Level while having 999 Ghimmighoul Coins,,,,
1732,Wo-Chien,,,,Dark,Grass,,,,,,,
1733,Chien-Pao,,,,Dark,Ice,,,,,,,
1734,Ting-Lu,,,,Dark,Ground,,,,,,,
1735,Chi-Yu,,,,Dark,Fire,,,,,,,
1736,Roaring Moon,,,,Dragon,Dark,,,,,,,
1737,Iron Valiant,,,,Fighting,Fairy,,,,,,,
1738,Koraidon,,,,Fighting,Dragon,,,,,,,
1739,Miraidon,,,,Electric,Dragon,,,,,,,